Key,Source,Context,Example,es,pt,fr,de,id,ko,ja,zh-hans,tr,ru
"Admin.BloodMoon","Blood Moon next night","","","","","","","","","","","",""
"Admin.Button","👑 Admin","","","","","","","","","","","",""
"Admin.Done","✅ Done","","","","","","","","","","","",""
"Admin.Failed","❌ Couldn't do that ({reason})","","","","","","","","","","","",""
"Admin.GiveCash","Give {cash}","","","","","","","","","","","",""
"Admin.RepairAll","Repair my defenses","","","","","","","","","","","",""
"Admin.Reset","Reset player data","","","","","","","","","","","",""
"Admin.ResetKick","Your data was reset by an admin. Rejoin to start fresh!","","","","","","","","","","","",""
"Admin.SkipPhase","Skip to next phase","","","","","","","","","","","",""
"Admin.Spawn","Spawn 5 shadows","","","","","","","","","","","",""
"Admin.Streak","Streak +5","","","","","","","","","","","",""
"Admin.Target","Player (blank = me)","","","","","","","","","","","",""
"Admin.Title","👑 Admin Panel","","","","","","","","","","","",""
"Badge.Earned","🏅 Badge unlocked: {name}!","","","","","","","","","","","",""
"Badge.FirstDefense","Sweet Defense","","","","","","","","","","","",""
"Badge.FirstNight","Survived the Night","","","","","","","","","","","",""
"Badge.FirstRebirth","Reborn Baker","","","","","","","","","","","",""
"Badge.FirstSale","First Sale","","","","","","","","","","","",""
"Badge.FirstStaff","Help Wanted","","","","","","","","","","","",""
"Badge.Rebirth5","Legendary Baker","","","","","","","","","","","",""
"Badge.Served1000","1,000 Happy Customers","","","","","","","","","","","",""
"Badge.Streak10","10 Night Streak","","","","","","","","","","","",""
"Badge.Streak25","25 Night Streak","","","","","","","","","","","",""
"Badge.Streak5","5 Night Streak","","","","","","","","","","","",""
"Bonus.Boost","🍭 x{mult}","","","","","","","","","","","",""
"Bonus.Friend","👯 Playing with friends: +{pct}% income!","","","","","","","","","","","",""
"Bonus.Group","💗 Thanks for joining the group: +10% income!","","","","","","","","","","","",""
"Bonus.JoinGroup","💗 Join our group for +10% income!","","","","","","","","","","","",""
"Boost.Active","⚡ Boost active tonight!","","","","","","","","","","","",""
"Button.BackHousePack","📦 Back Shop House","","","","","","","","","","","",""
"Button.CakeStand","Cake Stand","","","","","","","","","","","",""
"Button.CandyCaneSword","Candy Cane Sword","","","","","","","","","","","",""
"Button.CandyMachine","Candy Machine","","","","","","","","","","","",""
"Button.ChocolateFountain","Chocolate Fountain","","","","","","","","","","","",""
"Button.CookieJar","Cookie Jar","","","","","","","","","","","",""
"Button.CupcakeTray","Cupcake Tray","","","","","","","","","","","",""
"Button.Flowers","Flower Boxes","","","","","","","","","","","",""
"Button.GumballBlaster","Gumball Blaster","","","","","","","","","","","",""
"Button.IceCreamBar","Ice Cream Bar","","","","","","","","","","","",""
"Button.NeonSign","Neon Sign","","","","","","","","","","","",""
"Button.Oven","Oven","","","","","","","","","","","",""
"Button.Roof","Roof","","","","","","","","","","","",""
"Button.Sign","Shop Sign","","","","","","","","","","","",""
"Button.Staff1","Hire Baker","","","","","","","","","","","",""
"Button.Staff2","Hire Cashier","","","","","","","","","","","",""
"Button.Staff3","Hire Head Chef","","","","","","","","","","","",""
"Button.Staff4","Hire Pastry Chef","","","","","","","","","","","",""
"Button.Walls","Shop Walls","","","","","","","","","","","",""
"Button.WeaponsPack","📦 Weapons Pack","","","","","","","","","","","",""
"Clock.Day","☀️ Day {n}  {time}","","","","","","","","","","","",""
"Clock.Night","🌙 Night {n}  {time}","","","","","","","","","","","",""
"Codes.Button","🎟️ Codes","","","","","","","","","","","",""
"Codes.Placeholder","Type a code…","","","","","","","","","","","",""
"Codes.Reason.expired","That code has expired.","","","","","","","","","","","",""
"Codes.Reason.invalid","That code doesn't exist.","","","","","","","","","","","",""
"Codes.Reason.slow","Slow down a little!","","","","","","","","","","","",""
"Codes.Reason.used","You already used that code.","","","","","","","","","","","",""
"Codes.Redeem","Redeem","","","","","","","","","","","",""
"Codes.Redeemed","🎟️ Code redeemed: {cash}!","","","","","","","","","","","",""
"Codes.Title","Enter a code","","","","","","","","","","","",""
"Cosmetic.Bubblegum","Bubblegum","","","","","","","","","","","",""
"Cosmetic.Classic","Classic Pink","","","","","","","","","","","",""
"Cosmetic.GoldSkin","Golden","","","","","","","","","","","",""
"Cosmetic.Hearts","Hearts","","","","","","","","","","","",""
"Cosmetic.Lavender","Lavender Fields","","","","","","","","","","","",""
"Cosmetic.Midnight","Midnight Treats","","","","","","","","","","","",""
"Cosmetic.Mint","Mint Dream","","","","","","","","","","","",""
"Cosmetic.NoTrail","No Trail","","","","","","","","","","","",""
"Cosmetic.PlainSkin","Plain","","","","","","","","","","","",""
"Cosmetic.Rainbow","Rainbow Sprinkles","","","","","","","","","","","",""
"Cosmetic.RainbowTrail","Rainbow","","","","","","","","","","","",""
"Cosmetic.Sparkle","Sparkle","","","","","","","","","","","",""
"Daily.Button","🎁 Daily","","","","","","","","","","","",""
"Daily.ButtonReady","🎁 Daily ❗","","","","","","","","","","","",""
"Daily.Claim","Claim!","","","","","","","","","","","",""
"Daily.Claimed","🎁 Day {day} reward: {cash}!","","","","","","","","","","","",""
"Daily.Day","Day {n}","","","","","","","","","","","",""
"Daily.Title","🎁 Daily Treats","","","","","","","","","","","",""
"Defense.Cancel","✕ Cancel","","","","","","","","","","","",""
"Defense.CottonCandyZapper","Cotton Candy Zapper","","","","","","","","","","","",""
"Defense.GumdropTurret","Gumdrop Turret","","","","","","","","","","","",""
"Defense.Locked","🔒 Needs {item}","","","","","","","","","","","",""
"Defense.Move","Move","","","","","","","","","","","",""
"Defense.PeppermintCannon","Peppermint Cannon","","","","","","","","","","","",""
"Defense.Place","✓ Place","","","","","","","","","","","",""
"Defense.Placed","Placed {item}!","","","","","","","","","","","",""
"Defense.Repair","Repair {cash}","","","","","","","","","","","",""
"Defense.Repaired","Good as new!","","","","","","","","","","","",""
"Defense.Rotate","↻ Rotate","","","","","","","","","","","",""
"Defense.Sell","Sell {cash}","","","","","","","","","","","",""
"Defense.Shop","🛡️ Defenses","","","","","","","","","","","",""
"Defense.Sold","Sold for {cash}","","","","","","","","","","","",""
"Event.BloodMoon","🌕 Blood Moon! More shadows tonight, but double rewards!","","","","","","","","","","","",""
"Event.SpookySeason","🎃 Spooky Season! Extra shadows and +50% rewards tonight!","","","","","","","","","","","",""
"Kick.Full","This server is full. Please try another one!","","","","","","","","","","","",""
"Leaderboard.Row","{rank}. {name}: {streak}","","","","","","","","","","","",""
"Leaderboard.Title","🔥 Best Streaks 🔥","","","","","","","","","","","",""
"Leaderboard.Unavailable","Leaderboard loading…","","","","","","","","","","","",""
"Night.Failed","Oh no! 😱","","","","","","","","","","","",""
"Night.FailedDetail","Too many customers got scared away. You lost {cash} and {broken} defenses broke.","","","","","","","","","","","",""
"Night.Meter","😱 Scared away: {lost} / {allowed}","","","","","","","","","","","",""
"Night.Practice","🌙 The sun went down… shadows are coming! Tap to swing your Rolling Pin and keep customers safe. This first night is just practice!","","","","","","","","","","","",""
"Night.Streak","🔥 Streak {n}","","","","","","","","","","","",""
"Night.Survived","You survived the night! 🌅","","","","","","","","","","","",""
"Night.SurvivedDetail","Your streak is now {streak}. Keep those customers safe!","","","","","","","","","","","",""
"Notify.Bought","Unlocked {item}!","","","","","","","","","","","",""
"Notify.NeedCash","You need {amount} more!","","","","","","","","","","","",""
"Offline.Body","Your staff kept the shop open for {time} and earned {cash}!","","","","","","","","","","","",""
"Offline.Collect","Collect","","","","","","","","","","","",""
"Offline.Title","Welcome back! 👋","","","","","","","","","","","",""
"Pass.DoubleCash","2x Cash","","","","","","","","","","","",""
"Pass.ExtraHelper","Extra Helper","","","","","","","","","","","",""
"Pass.SweetStyle","Sweet Style","","","","","","","","","","","",""
"Pass.VIP","VIP","","","","","","","","","","","",""
"PassInfo.DoubleCash","Double cash from every sale, forever!","","","","","","","","","","","",""
"PassInfo.ExtraHelper","A bonus worker who serves customers for you.","","","","","","","","","","","",""
"PassInfo.SweetStyle","Unlocks every premium shop theme, weapon skin and trail.","","","","","","","","","","","",""
"PassInfo.VIP","VIP tag, +10% income and VIP-only styles.","","","","","","","","","","","",""
"Plot.Free","Free Shop","","","","","","","","","","","",""
"Plot.Owned","{name}'s Sweet Shop","","","","","","","","","","","",""
"Plot.ShopSign","Sweet Shop","","","","","","","","","","","",""
"Product.InstantRepair","🔧 Instant Repair","","","","","","","","","","","",""
"Product.NightShield","🛡️ Night Shield","","","","","","","","","","","",""
"Product.TurretOverdrive","⚡ Turret Overdrive","","","","","","","","","","","",""
"ProductInfo.InstantRepair","Fixes every defense to full health right now.","","","","","","","","","","","",""
"ProductInfo.NightShield","3 more customers can get scared away without failing the night.","","","","","","","","","","","",""
"ProductInfo.TurretOverdrive","Defenses fire twice as fast for a whole night.","","","","","","","","","","","",""
"Prompt.Counter","Counter","","","","","","","","","","","",""
"Prompt.Serve","Serve","","","","","","","","","","","",""
"Raid.Caught","You got caught! No more sneaking tonight.","","","","","","","","","","","",""
"Raid.Reason.cooldown","They're watching closely now. Try another shop!","","","","","","","","","","","",""
"Raid.Reason.day","Registers are locked during the day.","","","","","","","","","","","",""
"Raid.Reason.locked","You got caught tonight. Try again tomorrow night!","","","","","","","","","","","",""
"Raid.Register","Register","","","","","","","","","","","",""
"Raid.Robbed","😠 {name} swiped {cash} from your register!","","","","","","","","","","","",""
"Raid.Steal","Sneak & Steal","","","","","","","","","","","",""
"Raid.Stole","🤫 You swiped {cash}!","","","","","","","","","","","",""
"Raid.Warning","⚠️ {name} is sneaking into your shop!","","","","","","","","","","","",""
"Raid.YouCaught","🛡️ You caught {name}!","","","","","","","","","","","",""
"Reason.blocked","Can't build there.","","","","","","","","","","","",""
"Reason.bounds","That's off your plot.","","","","","","","","","","","",""
"Reason.cash","Not enough cash!","","","","","","","","","","","",""
"Reason.full","Your plot is full of defenses!","","","","","","","","","","","",""
"Reason.full_hp","It's already at full health.","","","","","","","","","","","",""
"Reason.locked","That's still locked.","","","","","","","","","","","",""
"Reason.missing","That defense is gone.","","","","","","","","","","","",""
"Reason.occupied","Something's already there.","","","","","","","","","","","",""
"Reason.rotation","That didn't work.","","","","","","","","","","","",""
"Reason.unknown","That didn't work.","","","","","","","","","","","",""
"Rebirth.Boost","Income x{from} → x{to}","","","","","","","","","","","",""
"Rebirth.Button","🔁 Rebirth","","","","","","","","","","","",""
"Rebirth.Confirm","Rebirth!","","","","","","","","","","","",""
"Rebirth.Cost","Costs {cash}","","","","","","","","","","","",""
"Rebirth.Done","✨ Reborn! Income is now x{mult}","","","","","","","","","","","",""
"Rebirth.Resets","Resets your cash, shop, defenses and bought weapons. Keeps streaks, cosmetics and rewards.","","","","","","","","","","","",""
"Rebirth.Title","Rebirth #{n}","","","","","","","","","","","",""
"Store.Button","🛒 Store","","","","","","","","","","","",""
"Store.Buy","Buy","","","","","","","","","","","",""
"Store.Owned","Owned ✓","","","","","","","","","","","",""
"Store.Soon","Coming soon!","","","","","","","","","","","",""
"Store.Thanks","💖 Thanks for buying {item}!","","","","","","","","","","","",""
"Store.Title","🛒 Sweet Store","","","","","","","","","","","",""
"Style.Button","🎨 Style","","","","","","","","","","","",""
"Style.Equip","Wear","","","","","","","","","","","",""
"Style.Equipped","Wearing ✓","","","","","","","","","","","",""
"Style.NeedsSweetStyle","🔒 Sweet Style","","","","","","","","","","","",""
"Style.NeedsVIP","🔒 VIP","","","","","","","","","","","",""
"Style.Reason.cash","Not enough cash!","","","","","","","","","","","",""
"Style.Reason.notOwned","You don't have that yet.","","","","","","","","","","","",""
"Style.Reason.owned","You already have that!","","","","","","","","","","","",""
"Style.Reason.perk","That one comes with a pass in the Store!","","","","","","","","","","","",""
"Style.Reason.unknown","That didn't work.","","","","","","","","","","","",""
"Style.Title","🎨 Sweet Style","","","","","","","","","","","",""
"Style.skin","Weapon Skins","","","","","","","","","","","",""
"Style.theme","Shop Themes","","","","","","","","","","","",""
"Style.trail","Trails","","","","","","","","","","","",""
"Tag.Owner","👑 Owner","","","","","","","","","","","",""
"Tag.VIP","⭐ VIP","","","","","","","","","","","",""
"Tutorial.BuyMore","✨ Keep serving and buy more upgrades from the buttons.","","","","","","","","","","","",""
"Tutorial.BuyTray","🧁 Step on the green Cupcake Tray button to buy it. Better treats = more cash!","","","","","","","","","","","",""
"Tutorial.Defend","🛡️ Nights get spooky! Open 🛡️ Defenses and place a Gumdrop Turret.","","","","","","","","","","","",""
"Tutorial.Hire","👩‍🍳 Save up and hire a Baker. They'll serve customers for you!","","","","","","","","","","","",""
"Tutorial.Serve","👋 A customer is here! Walk to the counter and press Serve.","","","","","","","","","","","",""
"Tutorial.Skip","Skip tips","","","","","","","","","","","",""
"Ui.Cancel","Cancel","","","","","","","","","","","",""
"Ui.Close","Close","","","","","","","","","","","",""
"Ui.Ok","OK","","","","","","","","","","","",""
"Weapon.CandyCaneSword","Candy Cane Sword","","","","","","","","","","","",""
"Weapon.GumballBlaster","Gumball Blaster","","","","","","","","","","","",""
"Weapon.RollingPin","Rolling Pin","","","","","","","","","","","",""
